"name,email,mobile,address,total_invoice_amount,total_amount_paid,total_amount_due"
"User1,user1@gmail.com,9000000001,Hyderabad,5000,3000,2000"
"User2,user2@gmail.com,9000000002,Hyderabad,5010,3010,2000"
"User3,user3@gmail.com,9000000003,Hyderabad,5020,3020,2000"
"User4,user4@gmail.com,9000000004,Hyderabad,5030,3030,2000"
"User5,user5@gmail.com,9000000005,Hyderabad,5040,3040,2000"
"User6,user6@gmail.com,9000000006,Hyderabad,5050,3050,2000"
"User7,user7@gmail.com,9000000007,Hyderabad,5060,3060,2000"
"User8,user8@gmail.com,9000000008,Hyderabad,5070,3070,2000"
"User9,user9@gmail.com,9000000009,Hyderabad,5080,3080,2000"
"User10,user10@gmail.com,9000000010,Hyderabad,5090,3090,2000"
"User11,user11@gmail.com,9000000011,Hyderabad,5100,3100,2000"
"User12,user12@gmail.com,9000000012,Hyderabad,5110,3110,2000"
"User13,user13@gmail.com,9000000013,Hyderabad,5120,3120,2000"
"User14,user14@gmail.com,9000000014,Hyderabad,5130,3130,2000"
"User15,user15@gmail.com,9000000015,Hyderabad,5140,3140,2000"
"User16,user16@gmail.com,9000000016,Hyderabad,5150,3150,2000"
"User17,user17@gmail.com,9000000017,Hyderabad,5160,3160,2000"
"User18,user18@gmail.com,9000000018,Hyderabad,5170,3170,2000"
"User19,user19@gmail.com,9000000019,Hyderabad,5180,3180,2000"
"User20,user20@gmail.com,9000000020,Hyderabad,5190,3190,2000"
"User21,user21@gmail.com,9000000021,Hyderabad,5200,3200,2000"
"User22,user22@gmail.com,9000000022,Hyderabad,5210,3210,2000"
"User23,user23@gmail.com,9000000023,Hyderabad,5220,3220,2000"
"User24,user24@gmail.com,9000000024,Hyderabad,5230,3230,2000"
"User25,user25@gmail.com,9000000025,Hyderabad,5240,3240,2000"
"User26,user26@gmail.com,9000000026,Hyderabad,5250,3250,2000"
"User27,user27@gmail.com,9000000027,Hyderabad,5260,3260,2000"
"User28,user28@gmail.com,9000000028,Hyderabad,5270,3270,2000"
"User29,user29@gmail.com,9000000029,Hyderabad,5280,3280,2000"
"User30,user30@gmail.com,9000000030,Hyderabad,5290,3290,2000"
"User31,user31@gmail.com,9000000031,Hyderabad,5300,3300,2000"
"User32,user32@gmail.com,9000000032,Hyderabad,5310,3310,2000"
"User33,user33@gmail.com,9000000033,Hyderabad,5320,3320,2000"
"User34,user34@gmail.com,9000000034,Hyderabad,5330,3330,2000"
"User35,user35@gmail.com,9000000035,Hyderabad,5340,3340,2000"
"User36,user36@gmail.com,9000000036,Hyderabad,5350,3350,2000"
"User37,user37@gmail.com,9000000037,Hyderabad,5360,3360,2000"
"User38,user38@gmail.com,9000000038,Hyderabad,5370,3370,2000"
"User39,user39@gmail.com,9000000039,Hyderabad,5380,3380,2000"
"User40,user40@gmail.com,9000000040,Hyderabad,5390,3390,2000"
"User41,user41@gmail.com,9000000041,Hyderabad,5400,3400,2000"
"User42,user42@gmail.com,9000000042,Hyderabad,5410,3410,2000"
"User43,user43@gmail.com,9000000043,Hyderabad,5420,3420,2000"
"User44,user44@gmail.com,9000000044,Hyderabad,5430,3430,2000"
"User45,user45@gmail.com,9000000045,Hyderabad,5440,3440,2000"
"User46,user46@gmail.com,9000000046,Hyderabad,5450,3450,2000"
"User47,user47@gmail.com,9000000047,Hyderabad,5460,3460,2000"
"User48,user48@gmail.com,9000000048,Hyderabad,5470,3470,2000"
"User49,user49@gmail.com,9000000049,Hyderabad,5480,3480,2000"
"User50,user50@gmail.com,9000000050,Hyderabad,5490,3490,2000"
"User51,user51@gmail.com,9000000051,Hyderabad,5500,3500,2000"
"User52,user52@gmail.com,9000000052,Hyderabad,5510,3510,2000"
"User53,user53@gmail.com,9000000053,Hyderabad,5520,3520,2000"
"User54,user54@gmail.com,9000000054,Hyderabad,5530,3530,2000"
"User55,user55@gmail.com,9000000055,Hyderabad,5540,3540,2000"
"User56,user56@gmail.com,9000000056,Hyderabad,5550,3550,2000"
"User57,user57@gmail.com,9000000057,Hyderabad,5560,3560,2000"
"User58,user58@gmail.com,9000000058,Hyderabad,5570,3570,2000"
"User59,user59@gmail.com,9000000059,Hyderabad,5580,3580,2000"
"User60,user60@gmail.com,9000000060,Hyderabad,5590,3590,2000"
"User61,user61@gmail.com,9000000061,Hyderabad,5600,3600,2000"
"User62,user62@gmail.com,9000000062,Hyderabad,5610,3610,2000"
"User63,user63@gmail.com,9000000063,Hyderabad,5620,3620,2000"
"User64,user64@gmail.com,9000000064,Hyderabad,5630,3630,2000"
"User65,user65@gmail.com,9000000065,Hyderabad,5640,3640,2000"
"User66,user66@gmail.com,9000000066,Hyderabad,5650,3650,2000"
"User67,user67@gmail.com,9000000067,Hyderabad,5660,3660,2000"
"User68,user68@gmail.com,9000000068,Hyderabad,5670,3670,2000"
"User69,user69@gmail.com,9000000069,Hyderabad,5680,3680,2000"
"User70,user70@gmail.com,9000000070,Hyderabad,5690,3690,2000"
"User71,user71@gmail.com,9000000071,Hyderabad,5700,3700,2000"
"User72,user72@gmail.com,9000000072,Hyderabad,5710,3710,2000"
"User73,user73@gmail.com,9000000073,Hyderabad,5720,3720,2000"
"User74,user74@gmail.com,9000000074,Hyderabad,5730,3730,2000"
"User75,user75@gmail.com,9000000075,Hyderabad,5740,3740,2000"
"User76,user76@gmail.com,9000000076,Hyderabad,5750,3750,2000"
"User77,user77@gmail.com,9000000077,Hyderabad,5760,3760,2000"
"User78,user78@gmail.com,9000000078,Hyderabad,5770,3770,2000"
"User79,user79@gmail.com,9000000079,Hyderabad,5780,3780,2000"
"User80,user80@gmail.com,9000000080,Hyderabad,5790,3790,2000"
"User81,user81@gmail.com,9000000081,Hyderabad,5800,3800,2000"
"User82,user82@gmail.com,9000000082,Hyderabad,5810,3810,2000"
"User83,user83@gmail.com,9000000083,Hyderabad,5820,3820,2000"
"User84,user84@gmail.com,9000000084,Hyderabad,5830,3830,2000"
"User85,user85@gmail.com,9000000085,Hyderabad,5840,3840,2000"
"User86,user86@gmail.com,9000000086,Hyderabad,5850,3850,2000"
"User87,user87@gmail.com,9000000087,Hyderabad,5860,3860,2000"
"User88,user88@gmail.com,9000000088,Hyderabad,5870,3870,2000"
"User89,user89@gmail.com,9000000089,Hyderabad,5880,3880,2000"
"User90,user90@gmail.com,9000000090,Hyderabad,5890,3890,2000"
"User91,user91@gmail.com,9000000091,Hyderabad,5900,3900,2000"
"User92,user92@gmail.com,9000000092,Hyderabad,5910,3910,2000"
"User93,user93@gmail.com,9000000093,Hyderabad,5920,3920,2000"
"User94,user94@gmail.com,9000000094,Hyderabad,5930,3930,2000"
"User95,user95@gmail.com,9000000095,Hyderabad,5940,3940,2000"
"User96,user96@gmail.com,9000000096,Hyderabad,5950,3950,2000"
"User97,user97@gmail.com,9000000097,Hyderabad,5960,3960,2000"
"User98,user98@gmail.com,9000000098,Hyderabad,5970,3970,2000"
"User99,user99@gmail.com,9000000099,Hyderabad,5980,3980,2000"
"User100,user100@gmail.com,9000000100,Hyderabad,5990,3990,2000"
